{"B": 106.13178224639893, "R": 124.96761639328003, "G": 115.97504255599975}