{"val_loss": [6.128176689147949, 4.6868367195129395, 5.4931960105896, 6.6382832527160645, 5.5667195320129395, 5.379329681396484, 6.273204326629639, 6.8394365310668945, 6.976924419403076, 7.228334903717041], "val_acc": [0.07000000029802322, 0.10999999940395355, 0.07000000029802322, 0.05999999865889549, 0.05999999865889549, 0.07000000029802322, 0.09000000357627869, 0.09000000357627869, 0.07999999821186066, 0.09000000357627869], "loss": [3.8203890323638916, 3.2264535427093506, 2.601196050643921, 2.1493875980377197, 1.632759690284729, 1.4775080680847168, 1.1095893383026123, 0.8488056659698486, 0.6104120016098022, 0.5481289029121399], "acc": [0.11999999731779099, 0.17000000178813934, 0.2800000011920929, 0.3199999928474426, 0.5, 0.5400000214576721, 0.6299999952316284, 0.7599999904632568, 0.8399999737739563, 0.7699999809265137]}